{
  "statusCode": 200,
  "errcode": "",
  "headers": {},
  "body": {
    "transactionId": "ordChrg2025-04-21T10-21-46",
    "amount": 888,
    "currency": "usdt",
    "bookingDate": "Apr 21, 2025, 10:21:46 AM",
    "transactionStatus": "COMPLETED",
    "note": "",
    "id": "ordChrg2025-04-21T10-21-46",
    "paymentChannel": "usdt",
    "uname": "6666",
    "review_timestamp": 0,
    "timestamp": 1745205706395,
    "parentProxy": "",
    "vipLev": "",
    "img": "",
    "crtTimeStmpLocalfmt": 20250421102146,
    "updtTmstmpLocalfmt": 20250421102215
  },
  "message_err": "",
  "message": "",
  "timestamp": 1745205735464,
  "path": "\"/admin/wlt/ReviewChrgPassHdr?transactionId=ordChrg2025-04-21T10-21-46\"",
  "requestId": "reqid__39ea94a9-4750-44fc-87d3-33c39d515163",
  "debugInfo": {}
}