{
  "statusCode": 200,
  "errcode": "",
  "headers": {},
  "body": {
    "endToEndId": "ordChrg2025-04-20T20-49-40",
    "instdAmt": 888,
    "currency": "usdt",
    "createTime": "2025-04-20T20:49:41",
    "status": "ACCP",
    "note": "",
    "id": "ordChrg2025-04-20T20-49-40",
    "paymentChannel": "usdt",
    "uname": "666",
    "review_timestamp": 0,
    "timestamp": 1745156980522,
    "parentProxy": "",
    "vipLev": "",
    "img": "",
    "crtTimeStmpLocalfmt": 0,
    "updtTmstmpLocalfmt": 20250420224034
  },
  "message_err": "",
  "message": "",
  "timestamp": 1745163634021,
  "path": "\"/admin/wlt/ReviewChrgPassHdr?endToEndId=ordChrg2025-04-20T20-49-40\"",
  "requestId": "reqid__20c0b4c4-4a80-430a-9cfd-761290bf0e78",
  "debugInfo": {}
}